Aalsmeer	Noord-Holland
Aa en Hunze	Drenthe
Aalten	Gelderland
Alblasserdam	Zuid-Holland
Albrandswaard	Zuid-Holland
Alkmaar	Noord-Holland
Almelo	Overijssel
Almere	Flevoland
Alphen aan den Rijn	Zuid-Holland
Alphen-Chaam	Noord-Brabant
Altena	Noord-Brabant
Ameland	Friesland
Amersfoort	Utrecht
Amstelveen	Noord-Holland
Amsterdam	Noord-Holland
Apeldoorn	Gelderland
Arnhem	Gelderland
Assen	Drenthe
Asten	Noord-Brabant
Baarle-Nassau	Noord-Brabant
Baarn	Utrecht
Barendrecht	Zuid-Holland
Barneveld	Gelderland
Beek	Limburg
Beekdaelen	Limburg
Bergeijk	Noord-Brabant
Bergen (Limburg)	Limburg
Bergen (Noord-Holland)	Noord-Holland
Bergen op Zoom	Noord-Brabant
Berkelland	Gelderland
Bernheze	Noord-Brabant
Best	Noord-Brabant
Bladel	Noord-Brabant
Blaricum	Noord-Holland
Bloemendaal	Noord-Holland
Bodegraven-Reeuwijk	Zuid-Holland
Boekel	Noord-Brabant
Borne	Overijssel
Borger-Odoorn	Drenthe
Borsele	Zeeland
Boxtel	Noord-Brabant
Breda	Noord-Brabant
Brielle	Zuid-Holland
Bronckhorst	Gelderland
Brummen	Gelderland
Brunssum	Limburg
Bunnik	Utrecht
Bunschoten	Utrecht
Buren	Gelderland
Capelle aan den IJssel	Zuid-Holland
Castricum	Noord-Holland
Coevorden	Drenthe
Cranendonck	Noord-Brabant
Culemborg	Gelderland
Dalfsen	Overijssel
Dantumadiel	Friesland
De Bilt	Utrecht
De Friese Meren	Friesland
De Ronde Venen	Utrecht
De Wolden	Drenthe
Delft	Zuid-Holland
Delfzijl	Groningen
Den Haag	Zuid-Holland
Den Helder	Noord-Holland
Deurne	Noord-Brabant
Deventer	Overijssel
Doesburg	Gelderland
Doetinchem	Gelderland
Dongen	Noord-Brabant
Dordrecht	Zuid-Holland
Drechterland	Noord-Holland
Drimmelen	Noord-Brabant
Dronten	Flevoland
Druten	Gelderland
Duiven	Gelderland
Echt-Susteren	Limburg
Edam-Volendam	Noord-Holland
Ede	Gelderland
Eemnes	Utrecht
Eemsdelta	Groningen
Eersel	Noord-Brabant
Eijsden-Margraten	Limburg
Eindhoven	Noord-Brabant
Elburg	Gelderland
Emmen	Drenthe
Enkhuizen	Noord-Holland
Enschede	Overijssel
Epe	Gelderland
Ermelo	Gelderland
Etten-Leur	Noord-Brabant
Geertruidenberg	Noord-Brabant
Geldrop-Mierlo	Noord-Brabant
Gemert-Bakel	Noord-Brabant
Gennep	Noord-Brabant
Gilze en Rijen	Noord-Brabant
Goeree-Overflakkee	Zuid-Holland
Goes	Zeeland
Goirle	Noord-Brabant
Gooise Meren	Noord-Holland
Gorinchem	Zuid-Holland
Gouda	Zuid-Holland
Grave	Noord-Brabant
Groningen	Groningen
Gulpen-Wittem	Limburg
Haaksbergen	Overijssel
Haarlem	Noord-Holland
Haarlemmermeer	Noord-Holland
Halderberge	Noord-Brabant
Hardenberg	Overijssel
Harderwijk	Gelderland
Hattem	Gelderland
Heemskerk	Noord-Holland
Heemstede	Noord-Holland
Heerde	Gelderland
Heerenveen	Friesland
Heerlen	Limburg
Heeze-Leende	Noord-Brabant
Hellendoorn	Overijssel
Helmond	Noord-Brabant
Hendrik-Ido-Ambacht	Zuid-Holland
Hengelo	Overijssel
Het Hogeland	Groningen
Heumen	Gelderland
Heusden	Noord-Brabant
Hillegom	Noord-Holland
Hilvarenbeek	Noord-Brabant
Hilversum	Noord-Holland
Hoeksche Waard	Zuid-Holland
Hof van Twente	Overijssel
Hollands Kroon	Noord-Holland
Hoogeveen	Drenthe
Hoorn	Noord-Holland
Horst aan de Maas	Limburg
Houten	Utrecht
Huizen	Noord-Holland
Hulst	Zeeland
IJsselstein	Utrecht
Kaag en Braassem	Zuid-Holland
Kampen	Overijssel
Kapelle	Zeeland
Katwijk	Zuid-Holland
Kerkrade	Limburg
Koggenland	Noord-Holland
Krimpen aan den IJssel	Zuid-Holland
Laarbeek	Noord-Brabant
Land van Cuijk	Noord-Brabant
Landsmeer	Noord-Holland
Landgraaf	Limburg
Laren	Noord-Holland
Leeuwarden	Friesland
Leiden	Zuid-Holland
Leiderdorp	Zuid-Holland
Leidschendam-Voorburg	Zuid-Holland
Lelystad	Flevoland
Leudal	Limburg
Leusden	Utrecht
Lingewaard	Gelderland
Lisse	Noord-Holland
Lochem	Gelderland
Loon op Zand	Noord-Brabant
Losser	Overijssel
Maasdriel	Gelderland
Maashorst	Noord-Brabant
Maassluis	Zuid-Holland
Maastricht	Limburg
Medemblik	Noord-Holland
Meerssen	Limburg
Meierijstad	Noord-Brabant
Meppel	Drenthe
Middelburg	Zeeland
Midden-Delfland	Zuid-Holland
Midden-Drenthe	Drenthe
Midden-Groningen	Groningen
Moerdijk	Noord-Brabant
Molenlanden	Zuid-Holland
Montferland	Gelderland
Montfoort	Utrecht
Mook en Middelaar	Limburg
Neder-Betuwe	Gelderland
Nederweert	Limburg
Nieuwegein	Utrecht
Nieuwkoop	Zuid-Holland
Nijkerk	Gelderland
Nijmegen	Gelderland
Nissewaard	Zuid-Holland
Noardeast-Fryslân	Friesland
Noord-Beveland	Zeeland
Noordenveld	Drenthe
Noordoostpolder	Flevoland
Noordwijk	Zuid-Holland
Nuenen, Gerwen en Nederwetten	Noord-Brabant
Nunspeet	Gelderland
Oirschot	Noord-Brabant
Oisterwijk	Noord-Brabant
Oldambt	Groningen
Oldebroek	Gelderland
Oldenzaal	Overijssel
Olst-Wijhe	Overijssel
Ommen	Overijssel
Oost Gelre	Gelderland
Oosterhout	Noord-Brabant
Ooststellingwerf	Friesland
Oostzaan	Noord-Holland
Opmeer	Noord-Holland
Opsterland	Friesland
Oss	Noord-Brabant
Oude IJsselstreek	Gelderland
Ouder-Amstel	Noord-Holland
Oudewater	Utrecht
Overbetuwe	Gelderland
Papendrecht	Zuid-Holland
Peel en Maas	Limburg
Pekela	Groningen
Pijnacker-Nootdorp	Zuid-Holland
Purmerend	Noord-Holland
Putten	Gelderland
Raalte	Overijssel
Reimerswaal	Zeeland
Renkum	Gelderland
Renswoude	Utrecht
Reusel-De Mierden	Noord-Brabant
Rheden	Gelderland
Ridderkerk	Zuid-Holland
Rijssen-Holten	Overijssel
Rijswijk	Zuid-Holland
Roerdalen	Limburg
Roermond	Limburg
Roosendaal	Noord-Brabant
Rotterdam	Zuid-Holland
Rozendaal	Gelderland
Rucphen	Noord-Brabant
's-Hertogenbosch	Noord-Brabant
Schagen	Noord-Holland
Scherpenzeel	Gelderland
Schiedam	Zuid-Holland
Schiermonnikoog	Friesland
Smallingerland	Friesland
Soest	Utrecht
Someren	Noord-Brabant
Stadskanaal	Groningen
Staphorst	Overijssel
Stede Broec	Noord-Holland
Steenbergen	Noord-Brabant
Steenwijkerland	Overijssel
Stein	Limburg
Stichtse Vecht	Utrecht
Súdwest-Fryslân	Friesland
Terneuzen	Zeeland
Teylingen	Zuid-Holland
Tholen	Zeeland
Tiel	Gelderland
Tilburg	Noord-Brabant
Tubbergen	Overijssel
Twenterand	Overijssel
Tynaarlo	Drenthe
Tytsjerksteradiel	Friesland
Utrecht	Utrecht
Utrechtse Heuvelrug	Utrecht
Lopik	Utrecht
Vaals	Limburg
Valkenburg aan de Geul	Limburg
Valkenswaard	Noord-Brabant
Veendam	Groningen
Veenendaal	Utrecht
Veere	Zeeland
Veldhoven	Noord-Brabant
Velsen	Noord-Holland
Venlo	Limburg
Venray	Limburg
Vijfheerenlanden	Utrecht
Vlaardingen	Zuid-Holland
Vlieland	Friesland
Vlissingen	Zeeland
Voerendaal	Limburg
Voorne aan Zee	Zuid-Holland
Voorst	Gelderland
Vught	Noord-Brabant
Waadhoeke	Friesland
Waalre	Noord-Brabant
Waalwijk	Noord-Brabant
Waddinxveen	Zuid-Holland
Wageningen	Gelderland
Wassenaar	Zuid-Holland
Waterland	Noord-Holland
Weert	Limburg
West Betuwe	Gelderland
West Maas en Waal	Gelderland
Westerveld	Drenthe
Westervoort	Gelderland
Westland	Zuid-Holland
Weststellingwerf	Friesland
Wijk bij Duurstede	Utrecht
Winterswijk	Gelderland
Woensdrecht	Noord-Brabant
Woerden	Utrecht
Woudenberg	Utrecht
Zaanstad	Noord-Holland
Zaltbommel	Gelderland
Zandvoort	Noord-Holland
Zeewolde	Flevoland
Zeist	Utrecht
Zevenaar	Gelderland
Zoetermeer	Zuid-Holland
Zundert	Noord-Brabant
Zutphen	Gelderland
Zwartewaterland	Overijssel
Zwijndrecht	Zuid-Holland
Zwolle	Overijssel
Beesel	Limburg
Simpelveld	Limburg
Sittard-Geleen	Limburg
Harlingen	Friesland
Achtkarspelen	Friesland
Westerwolde	Groningen
Dinkelland	Overijssel
Krimpenerwaard	Zuid-Holland
Lansingerland	Zuid-Holland
Zuidplas	Zuid-Holland
Wijchen	Gelderland
Dijk en Waard	Noord-Holland
Sint-Michielsgestel	Noord-Brabant
Schouwen-Duiveland	Zeeland
Sluis	Zeeland
Heiloo	Noord-Holland
Beverwijk	Noord-Holland
Uitgeest	Noord-Holland
Rhenen	Utrecht
Urk	Flevoland
Terschelling	Friesland
Beuningen	Gelderland
Berg en Dal	Gelderland
Wijdemeren	Noord-Holland
Diemen	Noord-Holland
Sliedrecht	Zuid-Holland
Hardinxveld-Giessendam	Zuid-Holland
Texel	Noord-Holland
Oegstgeest	Zuid-Holland
Zoeterwoude	Zuid-Holland
Voorschoten	Zuid-Holland
Riethoven	Noord-Brabant
Wierden	Overijssel
